部门,姓名,url
控制科学与工程系,董洁,https://saee.ustb.edu.cn/quantijiaoshi/2015-05-12/26.html
控制科学与工程系,丁大伟,https://saee.ustb.edu.cn/quantijiaoshi/2015-05-12/45.html
控制科学与工程系,付冬梅,https://saee.ustb.edu.cn/quantijiaoshi/2015-05-12/24.html
控制科学与工程系,郭金,https://saee.ustb.edu.cn/quantijiaoshi/2015-10-18/89.html
控制科学与工程系,户艳鹏,https://saee.ustb.edu.cn/quantijiaoshi/2020-11-26/167.html
控制科学与工程系,黄孝斌,https://saee.ustb.edu.cn/quantijiaoshi/2021-08-30/178.html
控制科学与工程系,蒋原,https://saee.ustb.edu.cn/quantijiaoshi/2019-09-12/149.html
控制科学与工程系,贾永楠,https://saee.ustb.edu.cn/quantijiaoshi/2016-09-18/107.html
控制科学与工程系,刘丽,https://saee.ustb.edu.cn/quantijiaoshi/2015-05-12/25.html
控制科学与工程系,李果,https://saee.ustb.edu.cn/quantijiaoshi/2015-05-12/30.html
控制科学与工程系,李擎,https://saee.ustb.edu.cn/quantijiaoshi/2015-05-12/31.html
控制科学与工程系,刘涛,https://saee.ustb.edu.cn/quantijiaoshi/2015-05-12/33.html
控制科学与工程系,刘艳,https://saee.ustb.edu.cn/quantijiaoshi/2015-05-12/70.html
控制科学与工程系,李玉玲,https://saee.ustb.edu.cn/quantijiaoshi/2016-04-25/105.html
控制科学与工程系,李琳琳,https://saee.ustb.edu.cn/quantijiaoshi/2016-09-21/108.html
控制科学与工程系,马亮,https://saee.ustb.edu.cn/quantijiaoshi/2019-07-19/147.html
控制科学与工程系,潘月斗,https://saee.ustb.edu.cn/quantijiaoshi/2015-10-18/83.html
控制科学与工程系,彭开香,https://saee.ustb.edu.cn/quantijiaoshi/2015-05-12/71.html
控制科学与工程系,乔梁,https://saee.ustb.edu.cn/quantijiaoshi/2018-12-10/135.html
控制科学与工程系,任莹莹,https://saee.ustb.edu.cn/quantijiaoshi/2024-03-18/212.html
控制科学与工程系,孙新苗,https://saee.ustb.edu.cn/quantijiaoshi/2019-04-19/140.html
控制科学与工程系,石中锁,https://saee.ustb.edu.cn/quantijiaoshi/2015-05-12/35.html
控制科学与工程系,邵立珍,https://saee.ustb.edu.cn/quantijiaoshi/2015-05-12/41.html
控制科学与工程系,王玲,https://saee.ustb.edu.cn/quantijiaoshi/2015-05-12/40.html
控制科学与工程系,王颖慧,https://saee.ustb.edu.cn/quantijiaoshi/2022-01-07/188.html
控制科学与工程系,王恒,https://saee.ustb.edu.cn/quantijiaoshi/2018-08-24/123.html
控制科学与工程系,王继民,https://saee.ustb.edu.cn/quantijiaoshi/2021-01-06/168.html
控制科学与工程系,徐正光,https://saee.ustb.edu.cn/quantijiaoshi/2015-05-12/42.html
控制科学与工程系,杨永亮,https://saee.ustb.edu.cn/quantijiaoshi/2018-11-22/128.html
控制科学与工程系,袁立,https://saee.ustb.edu.cn/quantijiaoshi/2015-05-12/46.html
控制科学与工程系,尹怡欣,https://saee.ustb.edu.cn/quantijiaoshi/2015-09-23/74.html
控制科学与工程系,杨焘,https://saee.ustb.edu.cn/quantijiaoshi/2017-09-26/118.html
控制科学与工程系,姚其家,https://saee.ustb.edu.cn/quantijiaoshi/2023-03-07/202.html
控制科学与工程系,张凯,https://saee.ustb.edu.cn/quantijiaoshi/2017-09-09/112.html
控制科学与工程系,张森,https://saee.ustb.edu.cn/quantijiaoshi/2015-05-08/13.html
控制科学与工程系,曾慧,https://saee.ustb.edu.cn/quantijiaoshi/2023-07-18/203.html
控制科学与工程系,张传放,https://saee.ustb.edu.cn/quantijiaoshi/2022-01-07/187.html
控制科学与工程系,赵宝永,https://saee.ustb.edu.cn/quantijiaoshi/2015-11-03/90.html
控制科学与工程系,张浩杰,https://saee.ustb.edu.cn/quantijiaoshi/2019-02-26/137.html
控制科学与工程系,张一昉,https://saee.ustb.edu.cn/quantijiaoshi/2021-07-05/170.html
控制科学与工程系,张瀚文,https://saee.ustb.edu.cn/quantijiaoshi/2021-07-20/176.html
仪器科学与技术系,把鑫,https://saee.ustb.edu.cn/quantijiaoshi/2023-11-22/204.html
仪器科学与技术系,迟健男,https://saee.ustb.edu.cn/quantijiaoshi/2015-05-12/51.html
仪器科学与技术系,陈岩,https://saee.ustb.edu.cn/quantijiaoshi/2018-11-28/131.html
仪器科学与技术系,付美霞,https://saee.ustb.edu.cn/quantijiaoshi/2022-04-01/193.html
仪器科学与技术系,郭祥贵,https://saee.ustb.edu.cn/quantijiaoshi/2019-10-02/153.html
仪器科学与技术系,郝彦爽,https://saee.ustb.edu.cn/quantijiaoshi/2015-05-12/47.html
仪器科学与技术系,侯庆文,https://saee.ustb.edu.cn/quantijiaoshi/2015-05-12/52.html
仪器科学与技术系,康瑞清,https://saee.ustb.edu.cn/quantijiaoshi/2015-05-12/53.html
仪器科学与技术系,李希胜,https://saee.ustb.edu.cn/quantijiaoshi/2015-05-12/48.html
仪器科学与技术系,蓝金辉,https://saee.ustb.edu.cn/quantijiaoshi/2015-05-12/54.html
仪器科学与技术系,刘银,https://saee.ustb.edu.cn/quantijiaoshi/2022-10-12/197.html
仪器科学与技术系,刘佳惠,https://saee.ustb.edu.cn/quantijiaoshi/2022-04-01/192.html
仪器科学与技术系,刘皓挺,https://saee.ustb.edu.cn/quantijiaoshi/2019-06-04/143.html
仪器科学与技术系,劳达宝,https://saee.ustb.edu.cn/quantijiaoshi/2019-09-24/152.html
仪器科学与技术系,马彰超,https://saee.ustb.edu.cn/quantijiaoshi/2020-06-08/162.html
仪器科学与技术系,宋睿卓,https://saee.ustb.edu.cn/quantijiaoshi/2015-05-08/12.html
仪器科学与技术系,舒雄鹰,https://saee.ustb.edu.cn/quantijiaoshi/2015-05-12/55.html
仪器科学与技术系,孙雷,https://saee.ustb.edu.cn/quantijiaoshi/2020-05-27/161.html
仪器科学与技术系,陶璐琪,https://saee.ustb.edu.cn/quantijiaoshi/2022-02-24/189.html
仪器科学与技术系,王曲,https://saee.ustb.edu.cn/quantijiaoshi/2022-04-01/194.html
仪器科学与技术系,魏清阳,https://saee.ustb.edu.cn/quantijiaoshi/2016-09-08/106.html
仪器科学与技术系,王健全,https://saee.ustb.edu.cn/quantijiaoshi/2020-05-14/160.html
仪器科学与技术系,肖文栋,https://saee.ustb.edu.cn/quantijiaoshi/2015-10-09/80.html
仪器科学与技术系,夏丽娜,https://saee.ustb.edu.cn/quantijiaoshi/2023-12-02/205.html
仪器科学与技术系,赵小燕,https://saee.ustb.edu.cn/quantijiaoshi/2015-05-12/49.html
仪器科学与技术系,张朝晖,https://saee.ustb.edu.cn/quantijiaoshi/2015-05-12/56.html
仪器科学与技术系,左昉,https://saee.ustb.edu.cn/quantijiaoshi/2015-05-12/57.html
仪器科学与技术系,曾溢良,https://saee.ustb.edu.cn/quantijiaoshi/2015-10-09/79.html
仪器科学与技术系,张玉珍,https://saee.ustb.edu.cn/quantijiaoshi/2017-04-25/111.html
仪器科学与技术系,张杰,https://saee.ustb.edu.cn/quantijiaoshi/2022-01-07/186.html
仪器科学与技术系,张天尧,https://saee.ustb.edu.cn/quantijiaoshi/2019-09-24/151.html
仪器科学与技术系,张洁,https://saee.ustb.edu.cn/quantijiaoshi/2022-09-14/196.html
仪器科学与技术系,张超一,https://saee.ustb.edu.cn/quantijiaoshi/2020-11-26/166.html
电工电子技术系,陈静,https://saee.ustb.edu.cn/quantijiaoshi/2015-05-12/58.html
电工电子技术系,董冀媛,https://saee.ustb.edu.cn/quantijiaoshi/2015-05-12/28.html
电工电子技术系,贾宝楠,https://saee.ustb.edu.cn/quantijiaoshi/2024-03-13/211.html
电工电子技术系,刘磊明,https://saee.ustb.edu.cn/quantijiaoshi/2015-05-12/59.html
电工电子技术系,史雪飞,https://saee.ustb.edu.cn/quantijiaoshi/2015-05-12/61.html
电工电子技术系,吴华怡,https://saee.ustb.edu.cn/quantijiaoshi/2015-10-18/85.html
电工电子技术系,王新平,https://saee.ustb.edu.cn/quantijiaoshi/2015-05-12/64.html
电工电子技术系,伍春洪,https://saee.ustb.edu.cn/quantijiaoshi/2015-05-12/65.html
电工电子技术系,薛燕,https://saee.ustb.edu.cn/quantijiaoshi/2015-05-12/66.html
电工电子技术系,尤佳,https://saee.ustb.edu.cn/quantijiaoshi/2015-05-08/11.html
电工电子技术系,张兰,https://saee.ustb.edu.cn/quantijiaoshi/2015-05-12/67.html
自动控制研究所,陈先中,https://saee.ustb.edu.cn/quantijiaoshi/2015-05-12/50.html
自动控制研究所,陈旭,https://saee.ustb.edu.cn/quantijiaoshi/2015-12-08/93.html
自动控制研究所,高海,https://saee.ustb.edu.cn/quantijiaoshi/2015-05-12/68.html
自动控制研究所,高晶晶,https://saee.ustb.edu.cn/quantijiaoshi/2023-12-05/206.html
自动控制研究所,黄健,https://saee.ustb.edu.cn/quantijiaoshi/2018-11-22/127.html
自动控制研究所,李江昀,https://saee.ustb.edu.cn/quantijiaoshi/2015-05-12/69.html
自动控制研究所,苏伟,https://saee.ustb.edu.cn/quantijiaoshi/2017-09-26/117.html
自动控制研究所,王丽君,https://saee.ustb.edu.cn/quantijiaoshi/2015-05-12/38.html
自动控制研究所,王莉,https://saee.ustb.edu.cn/quantijiaoshi/2015-05-12/39.html
自动控制研究所,王宏,https://saee.ustb.edu.cn/quantijiaoshi/2015-05-12/63.html
自动控制研究所,杨旭,https://saee.ustb.edu.cn/quantijiaoshi/2015-05-12/44.html
自动控制研究所,张维存,https://saee.ustb.edu.cn/quantijiaoshi/2015-05-12/27.html
自动控制研究所,张涛,https://saee.ustb.edu.cn/quantijiaoshi/2022-10-12/198.html
自动控制研究所,庄培显,https://saee.ustb.edu.cn/quantijiaoshi/2022-11-04/201.html
自动控制研究所,张天翔,https://saee.ustb.edu.cn/quantijiaoshi/2021-03-17/169.html
智能机器人研究中心,乔红,https://saee.ustb.edu.cn/quantijiaoshi/2015-05-08/16.html
企业导师,陈峰,https://saee.ustb.edu.cn/quantijiaoshi/2021-10-25/185.html
企业导师,陈海雁,https://saee.ustb.edu.cn/quantijiaoshi/2021-09-14/179.html
企业导师,傅建龙,https://saee.ustb.edu.cn/quantijiaoshi/2021-09-18/180.html
企业导师,樊勇,https://saee.ustb.edu.cn/quantijiaoshi/2021-09-18/181.html
企业导师,梁向锋,https://saee.ustb.edu.cn/quantijiaoshi/2021-09-18/182.html
企业导师,米旺,https://saee.ustb.edu.cn/quantijiaoshi/2024-02-28/208.html
企业导师,魏剑平,https://saee.ustb.edu.cn/quantijiaoshi/2021-09-18/183.html
企业导师,张岩,https://saee.ustb.edu.cn/quantijiaoshi/2024-02-28/209.html
企业导师,周方洁,https://saee.ustb.edu.cn/quantijiaoshi/2024-02-28/210.html
企业导师,张纬静,https://saee.ustb.edu.cn/quantijiaoshi/2021-09-18/184.html
实验中心,安翠娟,https://saee.ustb.edu.cn/quantijiaoshi/2019-05-14/142.html
实验中心,崔家瑞,https://saee.ustb.edu.cn/quantijiaoshi/2015-05-08/9.html
实验中心,冯涛,https://saee.ustb.edu.cn/quantijiaoshi/2015-12-08/94.html
实验中心,洪然,https://saee.ustb.edu.cn/quantijiaoshi/2019-04-19/139.html
实验中心,鲁亿方,https://saee.ustb.edu.cn/quantijiaoshi/2015-05-08/5.html
实验中心,栗辉,https://saee.ustb.edu.cn/quantijiaoshi/2015-12-08/92.html
实验中心,蔺凤琴,https://saee.ustb.edu.cn/quantijiaoshi/2021-07-20/171.html
实验中心,苗磊,https://saee.ustb.edu.cn/quantijiaoshi/2020-09-10/163.html
实验中心,王国霞,https://saee.ustb.edu.cn/quantijiaoshi/2015-12-11/102.html
实验中心,万春秋,https://saee.ustb.edu.cn/quantijiaoshi/2020-04-08/158.html
实验中心,徐银梅,https://saee.ustb.edu.cn/quantijiaoshi/2015-12-08/95.html
实验中心,肖成勇,https://saee.ustb.edu.cn/quantijiaoshi/2020-04-08/159.html
实验中心,杨守功,https://saee.ustb.edu.cn/quantijiaoshi/2015-12-08/101.html
实验中心,阎群,https://saee.ustb.edu.cn/quantijiaoshi/2015-12-11/104.html
实验中心,张笑菲,https://saee.ustb.edu.cn/quantijiaoshi/2015-05-08/7.html
实验中心,张敏,https://saee.ustb.edu.cn/quantijiaoshi/2019-03-19/138.html
学院机关,陈建帮,https://saee.ustb.edu.cn/quantijiaoshi/2022-10-13/199.html
学院机关,范晓红,https://saee.ustb.edu.cn/quantijiaoshi/2019-07-19/146.html
学院机关,韩菊,https://saee.ustb.edu.cn/quantijiaoshi/2018-11-30/133.html
学院机关,刘静怡,https://saee.ustb.edu.cn/quantijiaoshi/2022-07-07/195.html
学院机关,李莉,https://saee.ustb.edu.cn/quantijiaoshi/2017-09-26/115.html
学院机关,刘玥,https://saee.ustb.edu.cn/quantijiaoshi/2021-07-20/172.html
学院机关,孟曦,https://saee.ustb.edu.cn/quantijiaoshi/2017-09-26/114.html
学院机关,滕丽丽,https://saee.ustb.edu.cn/quantijiaoshi/2022-11-04/200.html
学院机关,田济,https://saee.ustb.edu.cn/quantijiaoshi/2021-07-20/174.html
学院机关,王振花,https://saee.ustb.edu.cn/quantijiaoshi/2018-11-22/129.html
学院机关,曾艳,https://saee.ustb.edu.cn/quantijiaoshi/2015-12-08/98.html
学院机关,张懿,https://saee.ustb.edu.cn/quantijiaoshi/2020-09-10/164.html
