姓名,url,职称
沈剑,https://sise.zstu.edu.cn/info/1229/4679.htm,正高级职称
童基均,http://dsxxcx.zstu.edu.cn/master/240,正高级职称
赵新龙,http://dsxxcx.zstu.edu.cn/master/376,正高级职称
高金凤,http://dsxxcx.zstu.edu.cn/master/219,正高级职称
陈本永,http://dsxxcx.zstu.edu.cn/master/36,正高级职称
潘海鹏,http://dsxxcx.zstu.edu.cn/master/166,正高级职称
刘小平,http://dsxxcx.zstu.edu.cn/master/1117,正高级职称
徐伟强,http://dsxxcx.zstu.edu.cn/master/354,正高级职称
王英,http://dsxxcx.zstu.edu.cn/master/327,正高级职称
郭亮,http://dsxxcx.zstu.edu.cn/master/367,正高级职称
严利平,http://dsxxcx.zstu.edu.cn/master/245,正高级职称
张一嘉,http://dsxxcx.zstu.edu.cn/master/940,正高级职称
黄静,http://dsxxcx.zstu.edu.cn/master/332,正高级职称
蒋科坚,http://dsxxcx.zstu.edu.cn/master/502,正高级职称
顾小卫,https://sise.zstu.edu.cn/info/1229/4772.htm,正高级职称
傅霞萍,https://sise.zstu.edu.cn/info/1229/5235.htm,正高级职称
杨涛,https://sise.zstu.edu.cn/info/1230/4761.htm,副高级职称
李霖,https://sise.zstu.edu.cn/info/1230/4760.htm,副高级职称
张寅孩,https://sise.zstu.edu.cn/info/1230/4735.htm,副高级职称
姜旭升,https://sise.zstu.edu.cn/info/1230/4733.htm,副高级职称
张水英,https://sise.zstu.edu.cn/info/1230/4732.htm,副高级职称
赵文来,https://sise.zstu.edu.cn/info/1230/4731.htm,副高级职称
张益波,https://sise.zstu.edu.cn/info/1230/4730.htm,副高级职称
柯飂挺,https://sise.zstu.edu.cn/info/1230/4729.htm,副高级职称
孔艳岩,https://sise.zstu.edu.cn/info/1230/4726.htm,副高级职称
戴燕云,https://sise.zstu.edu.cn/info/1230/4724.htm,副高级职称
蒋路茸,http://dsxxcx.zstu.edu.cn/master/1194,副高级职称
吴鹏,http://dsxxcx.zstu.edu.cn/master/1100,副高级职称
吴平,http://dsxxcx.zstu.edu.cn/master/998,副高级职称
刘瑜,http://dsxxcx.zstu.edu.cn/master/360,副高级职称
熊卫华,http://dsxxcx.zstu.edu.cn/master/355,副高级职称
任佳,http://dsxxcx.zstu.edu.cn/master/346,副高级职称
武宪青,http://dsxxcx.zstu.edu.cn/master/861,副高级职称
刘望生,http://dsxxcx.zstu.edu.cn/master/624,副高级职称
李俊峰,http://dsxxcx.zstu.edu.cn/master/313,副高级职称
张烈山,http://dsxxcx.zstu.edu.cn/master/1005,副高级职称
张恩政,http://dsxxcx.zstu.edu.cn/master/860,副高级职称
金海,http://dsxxcx.zstu.edu.cn/master/362,副高级职称
吕文涛,http://dsxxcx.zstu.edu.cn/master/752,副高级职称
高法钦,http://dsxxcx.zstu.edu.cn/master/454,副高级职称
吴江,http://dsxxcx.zstu.edu.cn/master/1180,副高级职称
张世华,https://sise.zstu.edu.cn/info/1230/5238.htm,副高级职称
顾敏明,https://sise.zstu.edu.cn/info/1230/5239.htm,副高级职称
楼盈天,https://sise.zstu.edu.cn/info/1230/5237.htm,副高级职称
吕军,https://sise.zstu.edu.cn/info/1230/5240.htm,副高级职称
