teacher_name,teacher_url
邱龙臻,https://yqkx.hfut.edu.cn/2021/0311/c14419a298633/page.htm
吕国强,https://yqkx.hfut.edu.cn/2022/0413/c14419a298634/page.htm
李保生,https://yqkx.hfut.edu.cn/2017/0504/c14419a298641/page.htm
劳召欣,https://yqkx.hfut.edu.cn/2017/0504/c14419a298639/page.htm
胡明勇,https://yqkx.hfut.edu.cn/2021/0311/c14419a298643/page.htm
尹治平,https://yqkx.hfut.edu.cn/2021/0317/c14419a298645/page.htm
朱俊,https://yqkx.hfut.edu.cn/2021/0311/c14419a298646/page.htm
陆红波,https://yqkx.hfut.edu.cn/2021/0311/c14419a298647/page.htm
成娟,https://yqkx.hfut.edu.cn/2022/1208/c14419a298650/page.htm
张国兵,https://yqkx.hfut.edu.cn/2021/0311/c14419a298651/page.htm
刘羽,https://yqkx.hfut.edu.cn/2024/0419/c14420a302891/page.htm
张亚超,https://yqkx.hfut.edu.cn/2024/0301/c14420a301118/page.htm
宋仁成,https://yqkx.hfut.edu.cn/2021/0825/c14420a298928/page.htm
黄亮,https://yqkx.hfut.edu.cn/2021/0524/c14420a298930/page.htm
赵会宁,https://yqkx.hfut.edu.cn/2021/0512/c14420a298931/page.htm
冯奇斌,https://yqkx.hfut.edu.cn/2021/0324/c14420a298932/page.htm
程锐,https://yqkx.hfut.edu.cnhttp://faculty.hfut.edu.cn/~IVreYz/zh_CN/index.htm
李畅,https://yqkx.hfut.edu.cn/2017/0504/c14420a298969/page.htm
金雪莹,https://yqkx.hfut.edu.cn/2017/0504/c14420a298961/page.htm
詹昊霖,https://yqkx.hfut.edu.cn/2021/0910/c14420a298977/page.htm
王晓鸿,https://yqkx.hfut.edu.cn/2021/0311/c14420a298978/page.htm
常松涛,https://yqkx.hfut.edu.cn/2021/0311/c14420a298979/page.htm
杨军,https://yqkx.hfut.edu.cn/2021/0311/c14420a298980/page.htm
徐苗,https://yqkx.hfut.edu.cn/2021/0311/c14420a298981/page.htm
夏果,https://yqkx.hfut.edu.cn/2021/0311/c14420a298982/page.htm
王梓,https://yqkx.hfut.edu.cn/2021/0311/c14420a298983/page.htm
王向华,https://yqkx.hfut.edu.cn/2021/0311/c14420a298984/page.htm
阮久福,https://yqkx.hfut.edu.cn/2021/0311/c14420a298985/page.htm
李迎,https://yqkx.hfut.edu.cn/2021/0311/c14420a298987/page.htm
赖伟恩,https://yqkx.hfut.edu.cn/2021/0311/c14420a298988/page.htm
胡跃辉,https://yqkx.hfut.edu.cn/2021/0311/c14420a298989/page.htm
胡雪峰,https://yqkx.hfut.edu.cn/2021/0311/c14420a298990/page.htm
胡俊涛,https://yqkx.hfut.edu.cn/2021/0311/c14420a298991/page.htm
胡海兵,https://yqkx.hfut.edu.cn/2021/0311/c14420a298992/page.htm
邓光晟,https://yqkx.hfut.edu.cn/2021/0311/c14420a298994/page.htm
朱剑飞,https://yqkx.hfut.edu.cn/2021/0311/c14420a298996/page.htm
李骏睿,https://yqkx.hfut.edu.cn/2022/0301/c14420a298997/page.htm
钱金贵,https://yqkx.hfut.edu.cn/2023/0913/c14420a298998/page.htm
倪凡,https://yqkx.hfut.edu.cn/2021/0909/c14420a298999/page.htm
余盼盼,https://yqkx.hfut.edu.cn/2023/1010/c14420a299005/page.htm
段明辉,https://yqkx.hfut.edu.cn/2024/0301/c14421a301115/page.htm
王桂强,https://yqkx.hfut.edu.cn/2021/0524/c14421a298929/page.htm
张瑞,https://yqkx.hfut.edu.cn/2021/0319/c14421a298933/page.htm
胡亮亮,https://yqkx.hfut.edu.cn/2023/1207/c14421a299526/page.htm
吕梅,https://yqkx.hfut.edu.cn/2021/0311/c14421a298986/page.htm
方勇,https://yqkx.hfut.edu.cn/2021/0311/c14421a298993/page.htm
蔡斐,https://yqkx.hfut.edu.cn/2021/0311/c14421a298995/page.htm
王源果,https://yqkx.hfut.edu.cn/2022/0901/c14421a299000/page.htm
毕亚丽,https://yqkx.hfut.edu.cn/2023/0322/c14421a299001/page.htm
王升,https://yqkx.hfut.edu.cn/2023/0321/c14421a299002/page.htm
钱敏,https://yqkx.hfut.edu.cn/2023/0322/c14421a299003/page.htm
韩旭,https://yqkx.hfut.edu.cn/2023/0816/c14421a299004/page.htm
