姓名,url
孔令飞,https://jyxy.xaut.edu.cn/info/1108/1142.htm
王世军,https://jyxy.xaut.edu.cn/info/1179/1133.htm
汤奥斐,https://jyxy.xaut.edu.cn/info/1179/1099.htm
刘彦伟,https://jyxy.xaut.edu.cn/info/1179/2561.htm
王玉峰,https://jyxy.xaut.edu.cn/info/1108/2699.htm
何廷尧,https://jyxy.xaut.edu.cn/info/1108/2531.htm
邢俊红,https://jyxy.xaut.edu.cn/info/1179/2002.htm
刘芸,https://jyxy.xaut.edu.cn/info/1179/2003.htm
徐翔,https://jyxy.xaut.edu.cn/info/1179/2853.htm
孔令飞,https://jyxy.xaut.edu.cn/info/1108/1142.htm
王玉峰,https://jyxy.xaut.edu.cn/info/1108/2699.htm
何廷尧,https://jyxy.xaut.edu.cn/info/1108/2531.htm
邢俊红,https://jyxy.xaut.edu.cn/info/1179/2002.htm
高鹤明,https://jyxy.xaut.edu.cn/info/1179/1103.htm
刘芸,https://jyxy.xaut.edu.cn/info/1179/2003.htm
徐翔,https://jyxy.xaut.edu.cn/info/1179/2853.htm
孔令飞,https://jyxy.xaut.edu.cn/info/1108/1142.htm
王世军,https://jyxy.xaut.edu.cn/info/1179/1133.htm
汤奥斐,https://jyxy.xaut.edu.cn/info/1179/1099.htm
刘彦伟,https://jyxy.xaut.edu.cn/info/1179/2561.htm
孔令飞,https://jyxy.xaut.edu.cn/info/1108/1142.htm
王玉峰,https://jyxy.xaut.edu.cn/info/1108/2699.htm
何廷尧,https://jyxy.xaut.edu.cn/info/1108/2531.htm
邢俊红,https://jyxy.xaut.edu.cn/info/1179/2002.htm
高鹤明,https://jyxy.xaut.edu.cn/info/1179/1103.htm
刘芸,https://jyxy.xaut.edu.cn/info/1179/2003.htm
徐翔,https://jyxy.xaut.edu.cn/info/1179/2853.htm
